{"player": {"x": 446, "y": 383.0000000000002, "vertical_velocity": -1.6000000000000034, "is_jumping": true}, "enemies": [{"x": 788, "y": 48, "vertical_velocity": 0}]}